<?xml version="1.0" encoding="UTF-8"?>
<beans xmlns="http://www.springframework.org/schema/beans"
	xmlns:xsi="http://www.w3.org/2001/XMLSchema-instance"
	xmlns:context="http://www.springframework.org/schema/context"
	xsi:schemaLocation="
        http://www.springframework.org/schema/beans 
        http://www.springframework.org/schema/beans/spring-beans.xsd
        http://www.springframework.org/schema/context 
        http://www.springframework.org/schema/context/spring-context.xsd
        ">

	<context:component-scan
		base-package="spring.project" />

	<bean
		class="org.springframework.web.servlet.view.InternalResourceViewResolver"
		name="viewResolver">

		<property name="prefix" value="/WEB-INF/views/" />
		<property name="suffix" value=".jsp" />
	</bean>
	<bean
		class="org.springframework.web.multipart.commons.CommonsMultipartResolver"
		name="multipartResolver">
		<property name="maxUploadSize" value="-1" />
	</bean>

	<!-- Here we will define JdbcTemplate Bean -->

	<bean
		class="org.springframework.jdbc.datasource.DriverManagerDataSource"
		name="ds">
		<property name="driverClassName">
			<value>com.mysql.cj.jdbc.Driver</value>
		</property>
		<property name="url"
			value="jdbc:mysql://localhost:3306/votingportal" />
		<property name="username" value="root" />
		<property name="password" value="1234" />
	</bean>

	<bean class="org.springframework.jdbc.core.JdbcTemplate" name="jT">
		<property name="dataSource">
			<ref bean="ds" />
		</property>
	</bean>

	<bean class="spring.project.dao.CandidateDaoImpl" name="candidateDao">
		<property name="jdbcTemplate">
			<ref bean="jT" />
		</property>
	</bean>
	<bean class="spring.project.dao.UserDaoImpl" name="userDao">
		<property name="jdbcTemplate">
			<ref bean="jT" />
		</property>
	</bean>
	<bean class="spring.project.dao.VoterDaoImpl" name="voterDao">
		<property name="jdbcTemplate">
			<ref bean="jT" />
		</property>
	</bean>
</beans>

